iteration,train_loss,val_loss,acc,val_acc
0,2.548839569091797,2.4074056041888157,0.1171875,0.1
100,3.9130192613601684,2.2054266266929456,0.137109375,0.1952
200,2.0882765865325927,2.04976859336463,0.209296875,0.23
300,2.015723441839218,1.9373797387741625,0.238359375,0.2516
400,1.9276807236671447,1.8793900279572215,0.2728983688833124,0.3028
500,1.8644742119312285,1.7873904244206584,0.299296875,0.3457
600,1.7902528131008149,1.727001832316097,0.3278125,0.3635
700,1.7521364402770996,1.8110899860485674,0.346015625,0.3388
800,1.6884911417961121,1.5645610219754351,0.3718632371392723,0.4239
900,1.6336637902259827,1.6164417998097576,0.387890625,0.4045
1000,1.5496798837184906,1.5688861379989039,0.43421875,0.4182
1100,1.5083771896362306,1.5521868166451256,0.445859375,0.4415
1200,1.4559750974178314,1.484338915195709,0.46776976160602257,0.464
1300,1.4002621388435363,1.3555865638172284,0.485390625,0.5028
1400,1.3310887181758881,1.318948439896678,0.516875,0.5193
1500,1.3001886737346648,1.4761384038117746,0.53,0.4627
1600,1.2093458741903305,1.3515723635213444,0.5632057716436637,0.5405
1700,1.1364976477622986,1.242133648822102,0.5953125,0.5657
1800,1.0819422334432602,1.012502820727924,0.613984375,0.6383
1900,1.0213192850351334,1.1199255959865766,0.637734375,0.611
2000,1.0015896612405777,1.0480929449343452,0.6453889585947302,0.6352
2100,0.9430930471420288,1.0941500607580423,0.6646875,0.6316
2200,0.9341393685340882,1.001974910116805,0.673046875,0.6544
2300,0.8875735610723495,1.050275572382223,0.69078125,0.6396
2400,0.8714226758480073,0.8927611115451057,0.6931461731493099,0.6894
2500,0.8403561973571777,0.9609176168045678,0.706484375,0.6589
2600,0.8192874300479889,0.9046940203672781,0.718828125,0.6928
2700,0.7953372359275818,1.1214306971516472,0.715390625,0.619
2800,0.7860556185245514,0.9178055047798461,0.7253764115432874,0.6874
2900,0.7337306317687035,0.841680794002149,0.740859375,0.7181
3000,0.7443983194231987,0.9923873257141905,0.741875,0.6703
3100,0.7438852155208587,0.8877775177788049,0.740234375,0.7059
3200,0.6937863904237748,0.8455840392996328,0.7591750313676286,0.7239
3300,0.6983390843868256,0.8034623041510963,0.75828125,0.7209
3400,0.6712924811244011,0.7433431563666835,0.764921875,0.7454
3500,0.6584827634692192,0.9214537679768218,0.7684375,0.6935
3600,0.622490384876728,0.7806561285980974,0.7845828105395232,0.7368
3700,0.6223221507668495,0.8012310224600112,0.785625,0.7435
3800,0.621336972117424,0.6846157220986705,0.78671875,0.7665
3900,0.6031317415833474,0.8489783739510436,0.7903125,0.7163
4000,0.5681611466407775,0.6630152901902366,0.8026191969887077,0.7743
4100,0.5675152161717415,0.7195244409596196,0.805078125,0.7521
4200,0.5650069323182106,0.7920209778288302,0.80375,0.7352
4300,0.5634623551368714,0.6296474203324547,0.8052854454203262,0.7884
4400,0.5295580568909645,0.672178001116259,0.819375,0.7783
4500,0.5400806814432144,0.7446634393340101,0.812265625,0.7491
4600,0.5322247222065926,0.6538821462625132,0.815703125,0.7749
4700,0.5247722232341766,0.6656355750256072,0.821831869510665,0.7787
4800,0.48544785857200623,0.6834701574838962,0.830078125,0.7692
4900,0.4944765058159828,0.5738366526155807,0.828671875,0.8093
5000,0.4984575951099396,0.6930047131765383,0.82890625,0.7567
5100,0.482925731241703,0.7674638084805431,0.8306148055207027,0.7456
5200,0.48975238889455797,0.5752451254632145,0.829296875,0.8089
5300,0.4793907234072685,0.5226325335117955,0.8334375,0.8184
5400,0.4983957776427269,0.7613425146276578,0.826953125,0.7478
5500,0.47266132980585096,0.6617562515667071,0.8332810539523212,0.7784
5600,0.45059855371713636,0.7278847319249528,0.845078125,0.7691
5700,0.48802790701389315,0.6376113212717989,0.83125,0.7815
5800,0.47309176951646803,0.6465241258231976,0.838046875,0.7813
5900,0.4536744263768196,0.5788030465856527,0.8465338770388958,0.8066
6000,0.4404067263007164,0.649462430336224,0.84734375,0.7839
6100,0.4459646654129028,0.7526735889073759,0.846875,0.7558
6200,0.4596349573135376,0.77604542539333,0.841015625,0.7564
6300,0.4683695468306541,0.5856282043571289,0.8370451693851945,0.8016
6400,0.4399910718202591,0.7352550992855249,0.84625,0.7708
6500,0.43524446576833725,0.6009881956318316,0.848359375,0.8028
6600,0.44404259890317915,0.63642820177939,0.84859375,0.785
6700,0.43515038818120955,0.5443596555449711,0.851474278544542,0.8111
6800,0.42148624241352084,0.565644018732892,0.8496875,0.8085
6900,0.43492394223809244,0.601983716598334,0.850625,0.7981
7000,0.448295351266861,0.4825670781512611,0.84515625,0.8364
7100,0.41266259521245957,0.48519889662821836,0.8595514429109159,0.8387
7200,0.42112520277500154,0.6439972967147446,0.85265625,0.7893
7300,0.4214459866285324,0.6603551539369285,0.855625,0.789
7400,0.4326946371793747,0.68866592493301,0.850546875,0.7834
7500,0.40513295859098436,0.5396483315351291,0.8580614805520702,0.8222
7600,0.4040955351293087,0.570394062291319,0.85796875,0.8086
7700,0.4298417226970196,0.9203076612549468,0.85125,0.7426
7800,0.4147958853840828,0.5602617838893074,0.85703125,0.8175
7900,0.4121028783917427,0.5870335340357056,0.8568067754077792,0.8108
8000,0.39230698987841606,0.4858860598680691,0.868359375,0.8355
8100,0.4223699975013733,0.6067179192940648,0.852578125,0.8064
8200,0.40655473470687864,0.6293473187060402,0.859375,0.7883
8300,0.3899354165792465,0.5570197374628375,0.8653544542032622,0.8185
8400,0.4025304666161537,0.74040231427636,0.860859375,0.7733
8500,0.3891002567112446,0.5838892464630139,0.864921875,0.803
8600,0.40737263709306715,0.5068992535574749,0.85890625,0.8274
8700,0.376472082734108,0.7294618393571232,0.8695890840652447,0.7675
8800,0.40240114405751226,0.5235907513493547,0.861640625,0.8259
8900,0.3775903603434563,0.6578678238315704,0.871796875,0.7879
9000,0.40661936074495314,0.5749872841012363,0.8610414052697616,0.81
9100,0.3825709299743176,0.5616380480436471,0.869453125,0.8122
9200,0.37432761162519457,0.577530122127015,0.8709375,0.8062
9300,0.38915728390216825,0.6068813584673519,0.866875,0.8125
9400,0.3861569255590439,0.4556025478024833,0.8648839397741531,0.8466
9500,0.3782403953373432,0.44906973074705075,0.868125,0.8449
9600,0.3816466411948204,0.46964409395147816,0.866875,0.848
9700,0.37777847185730934,0.44312161345260975,0.87171875,0.8485
9800,0.3880031190812588,0.5613690279067134,0.8662170639899623,0.8199
9900,0.3799575646221638,0.5852962009156474,0.867734375,0.8012
10000,0.36941507071256635,0.6406716063094977,0.8746875,0.7961
10100,0.37481303200125693,0.46233502016090355,0.871328125,0.8391
10200,0.3533199246227741,0.49259815372217197,0.8785288582183187,0.8375
10300,0.35258293122053147,1.0296235373987557,0.880625,0.7155
10400,0.3880321750044823,0.5464635891750598,0.864453125,0.8186
10500,0.35117117121815683,0.3978194766960586,0.878125,0.8634
10600,0.367913965433836,0.6062088714668545,0.8765683814303639,0.8052
10700,0.3544516669213772,0.47902477111298436,0.8815625,0.8402
10800,0.3751159632205963,0.48306311888340564,0.87265625,0.8403
10900,0.35758067175745967,0.4605626431278908,0.87421875,0.8456
11000,0.3602558109164238,0.6045764273585984,0.8753136762860728,0.8124
11100,0.36484211549162865,0.5984324725529256,0.871171875,0.8084
11200,0.36848247721791266,0.49924762556537655,0.872734375,0.831
11300,0.36200833901762963,0.5416896741230267,0.876484375,0.8174
11400,0.36497404888272283,0.4560231344101909,0.8753136762860728,0.8491
11500,0.36479828879237175,0.5586384467233103,0.874296875,0.8151
11600,0.3603564389050007,0.42511867562802835,0.87546875,0.8564
11700,0.3767591264843941,0.6673964523850158,0.869765625,0.7944
11800,0.33882431671023366,0.4526599098365909,0.8811951066499373,0.847
11900,0.3396488979458809,0.6527398737808006,0.8840625,0.805
12000,0.3701165486872196,0.4536366945448013,0.873046875,0.8505
12100,0.38001895368099214,0.46665234635241876,0.86890625,0.8418
12200,0.3433868370950222,0.5914381110249236,0.8848023839397742,0.8054
12300,0.3564602009952068,0.679535549241133,0.87734375,0.7885
12400,0.35241540119051934,0.53940357977209,0.8784375,0.818
12500,0.35100660666823386,0.4621827850897853,0.878671875,0.8417
12600,0.33141268029808996,0.5163188301288663,0.8856649937264742,0.8345
12700,0.34682661324739456,0.6434842129104054,0.881953125,0.7946
12800,0.36423010006546974,0.5245495549025246,0.8690625,0.8264
12900,0.35918693214654923,0.6463246826832287,0.8759375,0.8006
13000,0.33988640680909155,0.5301622862395007,0.8829987452948557,0.8264
13100,0.34602161511778834,0.697020980496757,0.8840625,0.77
13200,0.343802642673254,0.5024953737331275,0.882578125,0.8298
13300,0.35951172456145286,0.6303631015383778,0.8757057716436637,0.8009
13400,0.32170616880059244,0.6031285554361039,0.887890625,0.8129
13500,0.34550806060433387,0.4979594996609627,0.879609375,0.8351
13600,0.34930637195706365,0.6719919278646429,0.880625,0.781
13700,0.35466905385255815,0.5249230916412494,0.8760194479297365,0.8248
13800,0.32363403141498565,0.6157256627139954,0.8896875,0.8089
13900,0.3326096740365028,0.5212107829202097,0.887109375,0.8267
14000,0.34755840644240377,0.7118264113466579,0.879921875,0.7813
14100,0.36315883800387383,0.5628354859809144,0.8793130489335006,0.8109
14200,0.3317664408683777,1.0612832700101713,0.886484375,0.7076
14300,0.3618889294564724,0.6594094190353783,0.871328125,0.7957
14400,0.3511068943142891,0.49831571389501467,0.875,0.8305
14500,0.3227187179028988,0.48221605954269253,0.8895075282308658,0.8368
14600,0.3222015678882599,0.6162824550756631,0.88921875,0.7965
14700,0.3382933847606182,0.6888248178477104,0.88078125,0.782
14800,0.3353226558864117,0.4321478413650022,0.88390625,0.8547
14900,0.3354598477482796,0.5631547203174414,0.8855081555834379,0.816
15000,0.3306785601377487,0.8012204166418447,0.88859375,0.7672
15100,0.34702753216028215,0.6719438901867348,0.876015625,0.7941
15200,0.3461876918375492,0.5682865426468011,0.880546875,0.8103
15300,0.3288276398181915,0.5230340750548786,0.8860570890840652,0.8329
15400,0.3418694458901882,0.5087990112626515,0.88015625,0.8313
15500,0.3317738699913025,0.5630103381106648,0.88578125,0.8198
15600,0.3489870555698872,0.564507036187207,0.87828125,0.8151
15700,0.3274261167645454,0.5115742616760083,0.8885664993726474,0.8338
15800,0.3266444443166256,0.5369816849978206,0.89015625,0.8259
15900,0.32674479991197586,0.5744819907953564,0.888125,0.8148
16000,0.3309259122610092,0.47251157833935736,0.88953125,0.8421
16100,0.31381524100899694,0.4530182229206204,0.8914680050188206,0.8499
16200,0.32137833267450333,0.6617789099962947,0.889609375,0.8019
16300,0.3386813186109066,0.719906988282935,0.882734375,0.7692
16400,0.34203244984149933,0.4881425112866746,0.88265625,0.8373
16500,0.3208078236877918,0.5444046900676082,0.8889585947302384,0.832
16600,0.32759474888443946,0.48701047052304963,0.88796875,0.8366
16700,0.32958428144454954,0.6250353407221861,0.888125,0.8004
16800,0.3449295933544636,0.49430105580498995,0.883046875,0.8367
16900,0.3150507664680481,0.7388614239974525,0.8909974905897114,0.7753
17000,0.33131674662232397,0.5201657385871814,0.886640625,0.8337
17100,0.33093074187636373,0.5298271780958572,0.885078125,0.8258
17200,0.3262467089295387,0.7560891678538947,0.888359375,0.7753
17300,0.3107940359413624,0.7314437048408551,0.8924874529485571,0.7799
17400,0.32679562240839005,0.4399677346023127,0.8859375,0.8539
17500,0.3407336875796318,0.6473367772163293,0.88375,0.7983
17600,0.3311599436402321,0.4373431165283099,0.8851160602258469,0.8492
17700,0.3218072894215584,0.6916549918464959,0.8896875,0.7821
17800,0.325306898355484,0.4784323570732111,0.88734375,0.845
17900,0.31911465093493463,0.40839616033120657,0.89140625,0.8635
18000,0.32444963201880456,0.8596943233626338,0.8869196988707654,0.7486
18100,0.32866529941558836,0.6172275650329864,0.8853125,0.8059
18200,0.3043538551032543,0.48002242680174856,0.894609375,0.8417
18300,0.33720258831977845,0.497695761271559,0.887109375,0.8397
18400,0.33748298898339274,0.671562914364635,0.8812735257214555,0.7816
18500,0.3109849312901497,0.6613978678806902,0.892890625,0.7876
18600,0.32007435664534567,0.571992493380373,0.890078125,0.8123
18700,0.3266718265414238,0.49883499505896917,0.88703125,0.8334
18800,0.3224430012702942,0.4475742071010053,0.8892722710163111,0.8492
18900,0.3118315555155277,0.550011168939237,0.8934375,0.814
19000,0.32711031913757327,0.6048736005259779,0.8871875,0.8037
19100,0.3246064294874668,0.4348665688889095,0.88921875,0.8567
19200,0.3210747630894184,0.5122097332399493,0.8895859473023839,0.8344
19300,0.3168342533707619,0.5352301336943913,0.89328125,0.8187
19400,0.33313344210386275,0.5762470739241987,0.884921875,0.8132
19500,0.32090754896402357,0.4825034281506706,0.88734375,0.8441
19600,0.3220171543955803,0.4786965042923967,0.8903701380175659,0.8383
19700,0.3110681277513504,0.5401333198189354,0.88890625,0.8277
19800,0.32045438334345816,0.5160512710436465,0.891875,0.8304
19900,0.29720344945788385,0.584058359312935,0.9003125,0.8105
20000,0.32802681863307953,0.6229269740680536,0.8871549560853199,0.8022
20100,0.3348806267976761,0.8374203776780028,0.88390625,0.7632
20200,0.3206015411019325,0.42987528771828537,0.890859375,0.8562
20300,0.32682695165276526,0.6060288472059435,0.88828125,0.8094
20400,0.30483642041683195,0.5955425803177654,0.894918444165621,0.7978
20500,0.3170457097887993,0.5297458532471626,0.887578125,0.831
20600,0.3215701988339424,0.4661863541688782,0.890625,0.8476
20700,0.3299865509569645,0.5890980644252735,0.887734375,0.8177
20800,0.29701046824455263,0.7710315995989516,0.8993883312421581,0.7773
20900,0.3061741702258587,0.4924129028670704,0.89578125,0.8398
21000,0.3248559027910233,0.6191682626073733,0.88390625,0.8034
21100,0.31213936805725095,0.5270017405954032,0.893671875,0.8258
21200,0.2962098231911659,0.6112473564216504,0.8989178168130489,0.8091
21300,0.2974658216536045,0.6022961912825465,0.897109375,0.8139
21400,0.3296328388154507,0.4838702148094345,0.886171875,0.8397
21500,0.32522260427474975,0.5495219906678976,0.889453125,0.8185
21600,0.29562215924263,0.5242425336386449,0.8970357590966123,0.8326
21700,0.31153607174754144,0.4680965911037625,0.891953125,0.8445
21800,0.3297585877776146,0.44338681353642917,0.888359375,0.8529
21900,0.33419539451599123,0.5009742276356243,0.8804109159347553,0.8334
22000,0.2959656111896038,0.5343321441604306,0.899296875,0.8346
22100,0.3117086671292782,0.4346475808051067,0.89203125,0.8563
22200,0.3257543793320656,0.6666606115742614,0.88609375,0.7872
22300,0.32186270207166673,0.5596088424753457,0.8892722710163111,0.819
22400,0.2916761642694473,0.475152037823543,0.897578125,0.8453
22500,0.30153043612837793,1.3953907059404416,0.896875,0.6598
22600,0.33176372602581977,0.5005175077353423,0.88734375,0.8318
22700,0.3093015040457249,0.4057723480386856,0.8952321204516939,0.8682
22800,0.2971316999197006,0.5174511180946622,0.898046875,0.8355
22900,0.32989137053489687,0.5493212639809416,0.88328125,0.8276
23000,0.3140805368125439,0.5607239251700453,0.89,0.8226
23100,0.3121235792338848,0.5585118966361585,0.8938205771643664,0.8306
23200,0.3031593233346939,0.45471840247083395,0.8971875,0.8462
23300,0.2970397289097309,0.5093300755555257,0.898671875,0.8383
23400,0.33146924421191215,0.668814161524605,0.886171875,0.7945
23500,0.29346913293004034,0.46959877149841656,0.8978199498117942,0.8435
23600,0.31990136682987214,0.5708726338399485,0.888984375,0.8165
23700,0.31805763944983484,0.6067748046911563,0.8896875,0.8043
23800,0.3149263297021389,0.5989752860305408,0.8921875,0.8034
23900,0.30762552469968796,0.7727602535543351,0.8921737766624843,0.77
24000,0.2906957621872425,0.8641790208725122,0.899140625,0.761
24100,0.3195748081803322,0.4452041085250081,0.889921875,0.8511
24200,0.3360999302566052,0.4660926992281938,0.8846875,0.8427
24300,0.30058017402887344,0.43372636212232396,0.8926442910915935,0.8581
24400,0.2888516899943352,0.526345111667729,0.898984375,0.8264
24500,0.3086197294294834,0.4453074572185358,0.89234375,0.8598
24600,0.3180256925523281,0.49945492045090983,0.890546875,0.8347
24700,0.2995024648308754,0.4977806602566006,0.8966436637390214,0.8333
24800,0.2966257973015308,0.7164937406778336,0.898046875,0.7773
24900,0.3128509473800659,0.4913404986690789,0.892265625,0.8387
25000,0.3285102939605713,0.6254642699806454,0.88609375,0.8075
25100,0.31330571115016936,0.4651417131907643,0.8913111668757842,0.8393
25200,0.2898277465999126,0.4671423439971936,0.898515625,0.8451
25300,0.3129854533076286,0.3678518129756656,0.892109375,0.8738
25400,0.3033383817970753,0.6348906237477312,0.89546875,0.7966
25500,0.2810667170584202,0.5164076024160599,0.9044071518193224,0.8287
25600,0.31117300897836686,0.5264328716043085,0.8940625,0.8361
25700,0.3119078403711319,0.4332371619277107,0.89390625,0.8558
25800,0.32146375998854637,0.47425170321338855,0.889296875,0.8387
25900,0.2861623442173004,0.5160105914448778,0.9000941028858218,0.8308
26000,0.3207499171793461,0.6788596481846544,0.88890625,0.787
26100,0.3287231378257275,0.5052693150580501,0.88578125,0.8317
26200,0.32965274557471275,0.5364666840853021,0.885978670012547,0.8225
26300,0.29448251038789747,0.4036084028621451,0.897734375,0.8625
26400,0.3045257590711117,0.6025562174975301,0.892421875,0.806
26500,0.2932849481701851,0.6640642161091296,0.903359375,0.79
26600,0.3196508650481701,0.41421070709205665,0.8898212045169385,0.8579
26700,0.2847752760350704,0.866567207982365,0.9025,0.7407
26800,0.28235032349824907,0.6116057318715623,0.905,0.8152
26900,0.3286163653433323,0.4796292582830301,0.887734375,0.8441
27000,0.3206022381782532,0.4742565105279414,0.8922521957340025,0.8413
27100,0.2898762635886669,0.8213926348537682,0.900234375,0.7529
27200,0.3231974905729294,0.49634145700131743,0.89125,0.8401
27300,0.3079267303645611,0.4217192763432908,0.891796875,0.8567
27400,0.3055591982603073,0.453373391550189,0.8946047678795483,0.8508
27500,0.28453622102737425,0.5631331220602456,0.901015625,0.8204
27600,0.30647955000400545,0.5614977208332131,0.895078125,0.8211
27700,0.32741198226809504,0.4518876963387282,0.886015625,0.8463
27800,0.3015884333848953,0.5053879302054548,0.8973494353826851,0.8337
27900,0.2885239689052105,0.5128135485247302,0.900625,0.8318
28000,0.3061929123103619,0.5585081903650738,0.894609375,0.8212
28100,0.3042359361052513,0.46071950824687274,0.89546875,0.8442
28200,0.29518542379140855,0.5350449363263651,0.8991530740276035,0.8228
28300,0.30410579666495324,0.44000133429282007,0.895234375,0.8536
28400,0.3068619790673256,0.49560155700475644,0.896171875,0.833
28500,0.32011764258146286,0.4201200225006658,0.888671875,0.8578
28600,0.2814752800762653,0.4944342842307715,0.904642409033877,0.8403
28700,0.2993305994570255,0.4318084728698761,0.89828125,0.8541
28800,0.30047722801566124,0.5866274411638324,0.8975,0.8221
28900,0.31488491415977476,0.6835501907637325,0.891171875,0.7854
29000,0.3074942609667778,0.5109868469520118,0.8949968632371392,0.8277
29100,0.28056474670767784,0.4616910697172244,0.900703125,0.8446
29200,0.31035942569375036,0.662196467812069,0.89109375,0.8054
29300,0.30309650108218195,0.7451086354712708,0.895234375,0.7687
29400,0.2916632217168808,0.6318981155229453,0.8989178168130489,0.8108
29500,0.3112917597591877,0.47023724576535697,0.891328125,0.8492
29600,0.31941088184714317,0.3636489770473383,0.888828125,0.8791
29700,0.30602694019675253,0.5825336599549927,0.8921875,0.814
29800,0.27641281083226205,0.4938737051650739,0.9044071518193224,0.8347
29900,0.3014997772872448,0.37084731764305895,0.897578125,0.8717
30000,0.2925338788330555,0.6047163195312976,0.902109375,0.8105
30100,0.33300523161888124,0.43643616094661597,0.88359375,0.8569
30200,0.2779001520574093,0.45303489120242696,0.9044855708908407,0.8485
30300,0.29618202909827235,0.6491532281945689,0.89765625,0.8086
30400,0.3189526717364788,0.5209163551608594,0.890546875,0.826
30500,0.3158236503601074,0.5361411246581199,0.8915464240903388,0.8288
30600,0.29306483089923857,0.4929500626394162,0.900078125,0.8394
30700,0.28581481471657755,0.4184730160541047,0.901171875,0.8626
30800,0.3128897538781166,0.5063324950325984,0.893203125,0.8372
30900,0.3034782700240612,0.42281552946891265,0.8935853199498118,0.8571
31000,0.2836543440818787,0.5053354103963215,0.903125,0.8408
31100,0.29899775102734566,0.47922954705957405,0.89578125,0.8447
31200,0.29893638715147974,0.5091538363561844,0.89640625,0.8331
31300,0.314854244440794,0.6475752620651318,0.8917032622333751,0.8065
31400,0.2940157562494278,0.4578864352819257,0.897421875,0.8468
31500,0.2943515099585056,0.5325368529977128,0.898359375,0.837
31600,0.3008620338141918,0.44817425082095513,0.895546875,0.8492
31700,0.3022225344181061,0.6118454896508695,0.8935069008782937,0.8116
31800,0.29186528429389,0.5427700762931531,0.90171875,0.825
31900,0.31632630586624144,0.5300407705548853,0.890859375,0.8237
32000,0.3022537533938885,0.4813673977796643,0.898046875,0.8386
32100,0.28795315280556677,0.5777818717705175,0.900956712672522,0.8258
32200,0.30946273043751715,0.5511918508539946,0.89390625,0.8199
32300,0.2798824255168438,0.42072649066821455,0.9021875,0.8558
32400,0.30630087718367577,0.46866939457270285,0.889921875,0.845
32500,0.30763763457536697,0.46670849359454436,0.896094730238394,0.8467
32600,0.2968063446879387,0.4816506689729782,0.900078125,0.8433
32700,0.30240791112184523,0.6225823673386924,0.893515625,0.8118
32800,0.3108604960143566,0.4872684565643533,0.89453125,0.8355
32900,0.28498797357082367,0.7899438541489668,0.8996235884567126,0.774
33000,0.3023116058111191,0.4281179449571588,0.89375,0.859
33100,0.30491654336452484,0.5383796520983449,0.8965625,0.8281
33200,0.30310103073716166,0.44882747692802843,0.895859375,0.8517
33300,0.2875873064994812,0.7366302974593525,0.9015840652446675,0.7817
33400,0.27568098068237307,0.8827726350615199,0.90484375,0.7522
33500,0.3082447245717049,0.42569944752862277,0.8946875,0.8558
33600,0.30853139370679855,0.4383564902046999,0.8953125,0.8523
33700,0.28370697498321534,0.5820139102137889,0.8994667503136763,0.8173
33800,0.30053966656327247,0.3956215269982624,0.894921875,0.8692
33900,0.3042279528081417,0.44662468223430857,0.89515625,0.85
34000,0.3194692498445511,0.5335350851186167,0.888515625,0.8216
34100,0.27795732259750366,0.4318348635404636,0.9038582183186951,0.8579
34200,0.29111279591917993,0.5391234242782806,0.901484375,0.8215
34300,0.2993812645971775,0.5658812476232791,0.897109375,0.8164
34400,0.3050762890279293,0.5332148678767414,0.895390625,0.8291
34500,0.2846112756431103,0.4098576221127099,0.9040934755332497,0.8629
34600,0.30170229598879816,0.49072336038937586,0.89359375,0.8407
34700,0.29477414563298227,0.9799677363028542,0.89859375,0.7457
34800,0.31240114793181417,0.5956983833838576,0.8935069008782937,0.8062
34900,0.28051246002316477,0.5034928172350691,0.90515625,0.8356
35000,0.2982232351601124,0.3957696944570389,0.89625,0.8665
35100,0.31282853573560715,0.47326234609079054,0.89265625,0.8456
35200,0.29695047929883,0.5286680683493614,0.898525721455458,0.8255
35300,0.29435570672154426,0.5085538434810912,0.899296875,0.8324
35400,0.29157056093215944,0.4345218359519498,0.900859375,0.8585
35500,0.28830339953303336,0.4433327449586826,0.903046875,0.8509
35600,0.3052979803085327,0.6125468745494422,0.8942910915934755,0.8039
35700,0.27001099556684494,0.6702938725868353,0.908203125,0.8105
35800,0.29413432598114014,0.6039438403357332,0.899296875,0.809
35900,0.3228404925763607,0.571166722038493,0.88765625,0.8256
36000,0.29472515270113947,0.5172121386986952,0.8994667503136763,0.8368
36100,0.2697506245970726,0.5234827436387729,0.9078125,0.833
36200,0.2992054417729378,0.40324690704718946,0.89625,0.865
36300,0.29893680438399317,0.5736132745925611,0.8971875,0.8193
36400,0.30760943576693534,0.4799153938556251,0.8935853199498118,0.8456
36500,0.29138588547706606,0.5434031300365735,0.89953125,0.8224
36600,0.31535007536411286,0.5255881770969199,0.889375,0.8301
36700,0.3026364000141621,0.47212168945672034,0.89484375,0.8393
36800,0.2724981191754341,0.392768210543992,0.9069949811794228,0.8675
36900,0.3017419293522835,0.799341597829383,0.897734375,0.7591
37000,0.2888378901779652,0.723575222416046,0.9009375,0.791
37100,0.31122090086340903,0.682386052160979,0.88921875,0.7905
37200,0.2883147130906582,0.708486335155682,0.902995608531995,0.786
37300,0.2854376000165939,0.5427345427842186,0.9025,0.8194
37400,0.29475343599915504,0.545020909188464,0.89703125,0.8268
37500,0.30402024447917936,0.5209375033601404,0.895,0.8297
37600,0.2697207847237587,0.4473918173640681,0.9080928481806776,0.8485
37700,0.2688953787088394,0.5285040405087958,0.904765625,0.8271
37800,0.3189296260476112,0.6001586701256779,0.891640625,0.8069
37900,0.3075625884532929,0.45249985863035097,0.893515625,0.8508
38000,0.29157746732234957,0.47073965888625136,0.9019761606022585,0.8538
38100,0.276929761916399,0.5242206835375426,0.90796875,0.8288
38200,0.3168240565061569,0.5215728541913505,0.889296875,0.8318
38300,0.30140981569886205,0.4636899165975781,0.8965625,0.8483
38400,0.2931446053087711,0.5452428447981231,0.8989178168130489,0.8298
38500,0.28519631147384644,0.5690341461390352,0.899453125,0.8161
38600,0.31317570865154265,0.4372507924803149,0.893203125,0.8554
38700,0.3054601685702801,0.5729308504932604,0.8928125,0.8079
38800,0.2771364024281502,0.5510671629121129,0.9037013801756587,0.8168
38900,0.3036473283171654,0.552461757375219,0.89484375,0.8204
39000,0.30073595374822615,0.6856638416409874,0.897265625,0.7973
39100,0.2912690433114767,0.3661033059604252,0.9004077791718946,0.8744
39200,0.2712801492214203,0.6624919773576359,0.90671875,0.8076
39300,0.30285428747534754,0.6012052457315472,0.896796875,0.8117
39400,0.3202986274659634,0.41865861406341526,0.890859375,0.861
39500,0.288898141682148,0.503073690584102,0.8989178168130489,0.8383
39600,0.28767729744315146,0.5052049623225063,0.899296875,0.8264
39700,0.2886239959299564,0.7538010954095152,0.903203125,0.7764
39800,0.31490466117858884,0.4851985261225091,0.891640625,0.8366
39900,0.29874905228614806,0.42244309177413913,0.898525721455458,0.8623
40000,0.27664641946554186,0.5057882484488975,0.908359375,0.8375
40100,0.2969135962426662,0.34684810147117884,0.89765625,0.8836
40200,0.3026174083352089,0.5378620537420431,0.896171875,0.828
40300,0.2914068521559238,0.5982267761382812,0.8987609786700126,0.8067
40400,0.28632897824049,0.558759064267809,0.900625,0.8155
40500,0.2846502361446619,0.5337338467327931,0.90140625,0.8238
40600,0.3177182048559189,0.7816573989848359,0.8921875,0.7666
40700,0.2891422899067402,0.5193652392576297,0.9015056461731493,0.8309
40800,0.2747362938523292,0.4850444794415285,0.90765625,0.8375
40900,0.3149002684652805,0.6208875432562905,0.891484375,0.8048
41000,0.292783233076334,0.41643126461262137,0.900625,0.8583
41100,0.2938855843245983,0.5451946637739008,0.900956712672522,0.8282
41200,0.2821487155556679,0.4862206756544951,0.903671875,0.8425
41300,0.2853690944612026,0.658211620280537,0.903671875,0.7999
41400,0.3061164103448391,0.45714403000978615,0.895703125,0.8543
41500,0.28738637283444407,0.5689939239535469,0.9010351317440402,0.8297
41600,0.27719645723700526,0.4278212917593721,0.904453125,0.8581
41700,0.30725612595677376,0.4605500908514943,0.89328125,0.8504
41800,0.301562582552433,0.5849014862943381,0.898203125,0.8149
41900,0.2928969363868237,0.44642260730171357,0.8975062735257214,0.8567
42000,0.29655356615781786,0.6368707647672096,0.900859375,0.7995
42100,0.2947881096601486,0.502495438788836,0.898515625,0.8383
42200,0.29868820041418076,0.47179292151912716,0.896484375,0.8412
42300,0.2947164438664913,0.45256689188484184,0.9011135508155583,0.8493
42400,0.2933879336714745,0.6317547594491666,0.8996875,0.814
42500,0.2796455494314432,0.4915943254059115,0.90515625,0.8394
42600,0.29947275146842,0.4852283890969075,0.8975,0.8387
42700,0.2828416721522808,0.6416506997217386,0.9015056461731493,0.7967
42800,0.300178704559803,0.6269613538211146,0.89140625,0.7975
42900,0.30899924963712694,0.6526209138833676,0.889140625,0.7983
43000,0.292126524746418,0.5272475183248139,0.9,0.8318
43100,0.2708888781070709,0.5405182648247804,0.9049560853199499,0.8276
43200,0.27626431837677956,0.457754335154931,0.904375,0.8479
43300,0.30834239318966866,0.5000208489858685,0.893046875,0.8339
43400,0.302877492159605,0.5810406848835868,0.8959378920953576,0.8114
43500,0.2612722484767437,0.4504283476894656,0.9096875,0.8524
43600,0.3071948844194412,0.5422009574814727,0.8959375,0.825
43700,0.2954974998533726,0.39107322778564674,0.899296875,0.8656
43800,0.30532912760972974,0.5248423560787314,0.8948400250941029,0.8213
43900,0.2696120172739029,0.6355282732377798,0.905390625,0.8017
44000,0.2948331241309643,0.4774861096764525,0.897890625,0.8446
44100,0.3003262121975422,0.4130486006649157,0.898125,0.8603
44200,0.3038608740270138,0.4253319880118766,0.8974278544542033,0.8579
44300,0.2691343604028225,0.4141233307532609,0.9065625,0.8615
44400,0.3070272679626942,0.5835730746721688,0.896953125,0.8217
44500,0.3060802209377289,0.3957912917144763,0.8965625,0.8667
44600,0.28132370859384537,0.5996172992756572,0.9061323713927227,0.8084
44700,0.2790488797426224,0.6103800216231483,0.905625,0.8044
44800,0.292184408903122,0.43140973374485586,0.89859375,0.8573
44900,0.2938586312532425,0.7699963340458398,0.899375,0.7769
45000,0.29178614661097524,0.4883988800283057,0.8989178168130489,0.8455
45100,0.28096305042505265,0.38964822400397003,0.901328125,0.8692
45200,0.298831590116024,0.45493765384815754,0.893671875,0.847
45300,0.29607020035386084,0.42591275586582983,0.8975,0.8566
45400,0.3037161117792129,0.4613294323412374,0.8971141781681304,0.849
45500,0.26961889520287513,0.6056865771738486,0.906484375,0.8119
45600,0.3023449519276619,0.5422925933862266,0.894375,0.8293
45700,0.30104431420564653,0.9703976960418323,0.894609375,0.7117
45800,0.2863292932510376,0.43795802986945587,0.9030740276035132,0.853
45900,0.2859030233323574,0.6213071262017607,0.899921875,0.8119
46000,0.2964015144109726,0.603931226145726,0.900078125,0.8154
46100,0.3175932823121548,0.6446337884607406,0.892890625,0.7985
46200,0.28213572919368746,0.44603523850060117,0.9025250941028858,0.8478
46300,0.3032617200911045,0.5046318743032769,0.893984375,0.8374
46400,0.2998021927475929,0.6052112339403682,0.897890625,0.8196
46500,0.2840013599395752,0.6889858775007458,0.904140625,0.7885
46600,0.2847413508594036,0.5306293594951447,0.9002509410288582,0.8302
46700,0.27901446968317034,0.563140203729986,0.903046875,0.8262
46800,0.2871407398581505,0.40878911359241593,0.9003125,0.8651
46900,0.3064164163172245,0.5786596549014313,0.896640625,0.8098
47000,0.2577881553769112,0.49167166721706573,0.9113080301129235,0.8358
47100,0.30118673339486124,0.5036839824467422,0.894765625,0.8389
47200,0.2890996591746807,0.4447222278474238,0.9,0.8533
47300,0.31815027087926867,0.41766418547580797,0.889140625,0.8617
47400,0.26609615981578827,0.6048704609512902,0.9088770388958595,0.8036
47500,0.2809691187739372,0.7848077374525344,0.905,0.774
47600,0.3027310460805893,0.506520646591537,0.89375,0.8403
47700,0.3076193526387215,0.4244982643534962,0.895234375,0.8539
47800,0.2770503444969654,0.4397419574685371,0.9040150564617315,0.8538
47900,0.2936507000029087,0.4129376121031971,0.898359375,0.8595
48000,0.29068517744541167,0.6104342978888045,0.902890625,0.8109
48100,0.29522637218236925,0.476702503836193,0.8983688833124216,0.8386
48200,0.27141919657588004,0.5280651976458561,0.909453125,0.8299
48300,0.28158276617527006,0.5089910131292983,0.90125,0.8374
48400,0.29279409378767013,0.4361225684372762,0.899375,0.8516
48500,0.31646877378225324,0.5427062501446508,0.8909190715181933,0.8276
48600,0.2789472827315331,0.7833048836967815,0.903203125,0.7949
48700,0.3011847910284996,0.5674424272613784,0.89765625,0.8153
48800,0.30643028393387794,0.5212233224615883,0.895625,0.8324
48900,0.29256385684013364,0.4312578882700719,0.898525721455458,0.8597
49000,0.2789369860291481,0.5327846568803818,0.90515625,0.8291
49100,0.2709879791736603,0.5581834324584982,0.906640625,0.8237
49200,0.29332955077290535,0.5613731623362428,0.897421875,0.8142
49300,0.2888538993895054,0.44117757325736096,0.9015840652446675,0.8505
49400,0.27755495011806486,0.9744011941142737,0.90421875,0.7332
49500,0.3005824784934521,0.5125773975643487,0.895859375,0.8332
49600,0.304878893494606,0.41899257750747304,0.896171875,0.8621
49700,0.2934837184846401,0.4647348313666761,0.8961731493099122,0.8477
49800,0.2911419266462326,0.48006105703858143,0.899375,0.8443
49900,0.3033166107535362,0.6201818637288036,0.89375,0.8021
50000,0.27887192472815514,0.49109861883111655,0.903046875,0.84
50100,0.27330859705805777,0.5808206530281911,0.905034504391468,0.8153
50200,0.27447306632995605,0.5999134346699944,0.904765625,0.8085
50300,0.30884780406951906,0.48126706528587465,0.890859375,0.8373
50400,0.3011442606151104,0.4035442433894252,0.897265625,0.8654
50500,0.26761145517230034,0.4667440257704677,0.9094259723964868,0.8516
50600,0.28051363334059715,0.519310079657803,0.901796875,0.8324
50700,0.2896699786186218,0.5003385188432928,0.90078125,0.839
50800,0.2963475042581558,0.6219793928983494,0.8990625,0.8008
50900,0.29093237340450284,0.42597990973403277,0.90017252195734,0.8613
51000,0.2856316749751568,0.47669993221950224,0.903203125,0.8407
51100,0.30573486268520356,0.5066236062124133,0.89453125,0.8369
51200,0.31190104112029077,0.45934258194301075,0.8921875,0.8539
51300,0.2611696096509695,0.5141924715365845,0.9105238393977415,0.8393
51400,0.2948533762991428,0.4281957270190739,0.90125,0.8631
51500,0.2966592410206795,0.6462877955966102,0.898125,0.8046
51600,0.29146378621459007,0.5489750741103205,0.898984375,0.825
51700,0.2697694177925587,0.47384945803080886,0.9087202007528231,0.8399
51800,0.3051883260905743,0.5521055277639304,0.8975,0.8249
51900,0.28388620033860207,0.4570357177299432,0.904140625,0.8513
52000,0.3048798035085201,0.4885539064725367,0.89515625,0.8393
52100,0.26188218012452125,0.4427627890397565,0.9105238393977415,0.8532
52200,0.2898887452483177,0.5127253499798501,0.901015625,0.841
52300,0.2965464414656162,0.5331515692436276,0.89671875,0.8247
52400,0.31144586712121963,0.5056944901522357,0.89366373902133,0.8305
52500,0.2728176859021187,0.47129370181705244,0.90984375,0.8513
52600,0.2983351571857929,0.5627482577015798,0.89890625,0.8229
52700,0.29865933120250704,0.48600278832851507,0.90015625,0.8451
52800,0.29229931443929674,0.6094601095770114,0.9012703889585947,0.8055
52900,0.2815184743702412,0.5184115231179962,0.902578125,0.8322
53000,0.28391066789627073,0.40327499414118717,0.90390625,0.8612
53100,0.29406618475914004,0.4768750729937904,0.8965625,0.8455
53200,0.2918709835410118,0.5251514937835761,0.9015840652446675,0.8363
53300,0.2556509917974472,0.5110407959158048,0.911640625,0.8307
53400,0.30321471497416497,0.5829654794912369,0.894921875,0.8157
53500,0.29340449526906015,0.5766738637472494,0.897109375,0.8135
53600,0.2912613759934902,0.449546020180463,0.8991530740276035,0.8563
53700,0.27727016106247904,0.5689580952540373,0.906953125,0.8088
53800,0.2904211555421352,0.46551908386020235,0.90015625,0.8541
53900,0.29248777523636815,0.5471486398777642,0.8990625,0.8203
54000,0.28733964323997496,0.5633829968234602,0.901348808030113,0.8183
54100,0.26935459181666377,0.4261881399649782,0.9090625,0.8606
54200,0.297219375371933,0.4699230837983826,0.898671875,0.843
54300,0.295651880800724,0.49107443041409166,0.897890625,0.842
54400,0.281168212890625,0.6063029147422733,0.9022898368883312,0.8138
54500,0.27463543295860293,0.413651112836009,0.90484375,0.8646
54600,0.3031956461071968,0.5497685810342764,0.896328125,0.8167
54700,0.3003484204411507,0.6601613279158315,0.89609375,0.7936
54800,0.2803816379606724,0.5323559534959138,0.903387703889586,0.8281
54900,0.27194292694330213,0.656982285907855,0.909140625,0.7986
55000,0.28519505620002744,0.49859203519626927,0.903125,0.8385
55100,0.2994125117361546,0.5105626847797309,0.898359375,0.8346
55200,0.30466677069664,0.37651942822689444,0.8931932245922208,0.8719
55300,0.2652997542917728,0.5621292924109739,0.906953125,0.8275
55400,0.2913998049497604,0.6487401542000877,0.901015625,0.8077
55500,0.29560299709439275,0.45822157991675144,0.898203125,0.8459
55600,0.2831724515557289,0.5232461874667829,0.9032308657465495,0.8342
55700,0.27093041859567163,0.4769636465909001,0.9065625,0.8429
55800,0.31073977559804916,0.7237164730223985,0.893203125,0.7878
55900,0.2990605306625366,0.44978514649331,0.896875,0.8499
56000,0.2792806228995323,0.6179387517535267,0.9073086574654956,0.7982
56100,0.27439521476626394,0.5312643864998421,0.903203125,0.8295
56200,0.2956240560114384,0.5291833900415097,0.896953125,0.8265
56300,0.301132648140192,0.5937070923681838,0.89578125,0.8083
56400,0.2740243484079838,0.36887585631193825,0.9071518193224593,0.8741
56500,0.27755010947585107,0.5380921371685811,0.904140625,0.8347
56600,0.29907994866371157,0.5769807004604858,0.898125,0.8253
56700,0.3085133630037308,0.5165218037490646,0.8951537013801757,0.8324
56800,0.27530384607613084,0.42660592308345313,0.90453125,0.857
56900,0.2845631641149521,0.4338062229914406,0.902734375,0.8553
57000,0.2942161680757999,0.37152009007458486,0.898828125,0.8778
57100,0.3013233849406242,0.4413589278396707,0.8929579673776662,0.8523
57200,0.2747606560587883,0.4795974896262629,0.9046875,0.8428
57300,0.27773163706064224,0.6637708375724359,0.902421875,0.7904
57400,0.29490138560533524,0.5446568600381144,0.89828125,0.8266
57500,0.30284530252218245,0.4355586531777351,0.8960163111668757,0.8575
57600,0.2759094728529453,0.47908168864516787,0.9053125,0.8467
57700,0.2995868185162544,0.5755621940849688,0.8990625,0.8167
57800,0.28051536947488787,0.5091855066081586,0.90125,0.829
57900,0.28552351862192155,0.5192735773591569,0.9015840652446675,0.8382
58000,0.275427725315094,0.4667378060353069,0.90625,0.8482
58100,0.29076356008648874,0.6840055259271932,0.9003125,0.7941
58200,0.2914914375543594,0.44130516023681565,0.89953125,0.8519
58300,0.2987022805213928,0.5788461451713269,0.8978199498117942,0.8161
58400,0.27272478625178337,0.7956564424993893,0.903359375,0.7664
58500,0.28286450445652006,0.5798482556645863,0.9025,0.8186
58600,0.29244610011577604,0.4754709975121501,0.900390625,0.8447
58700,0.2520313933491707,0.22838535914405847,0.913974278544542,0.9245
58800,0.14159359879791736,0.19920818771893223,0.95328125,0.9319
58900,0.12247345209121704,0.1860672439963292,0.960078125,0.9361
59000,0.11512643586844205,0.17614402883825972,0.963515625,0.937
59100,0.09903121139854193,0.1762654812405475,0.9691813048933501,0.9391
59200,0.09152983918786049,0.17142047954443546,0.97140625,0.9401
59300,0.09198877952992916,0.16334595247960318,0.971640625,0.9426
59400,0.08876446839421988,0.16615390615722242,0.972890625,0.9424
59500,0.08110893305391073,0.1663966698530383,0.9767095357590966,0.942
59600,0.07193556737154722,0.16264962853667453,0.980234375,0.9434
59700,0.06820422984659671,0.15915958840435687,0.98125,0.9446
59800,0.0738488569483161,0.16358333966507319,0.978203125,0.9445
59900,0.06721562072634697,0.1630121838218107,0.9799247176913425,0.9434
60000,0.06485336722806095,0.1628410757754367,0.97953125,0.943
60100,0.06458847353234887,0.15957655022129083,0.980234375,0.9459
60200,0.06484096921980381,0.16390909594944872,0.981875,0.9449
60300,0.05887989865615964,0.16138950349709477,0.9836104140526977,0.9455
60400,0.054800080694258214,0.1619054284720375,0.98390625,0.9454
60500,0.05601508557796478,0.16131727364116583,0.985234375,0.945
60600,0.05379799272865057,0.16342676611849294,0.9853125,0.9447
60700,0.04534060712903738,0.15924200841698782,0.9873745294855709,0.9459
60800,0.044665616489946845,0.16513729104980493,0.988671875,0.9462
60900,0.04766660885885358,0.16091288816624175,0.98703125,0.9461
61000,0.049589148238301274,0.16207916434770955,0.9859629861982434,0.9464
61100,0.038785533662885424,0.15887932148509132,0.991015625,0.9456
61200,0.04222778176888824,0.15775628396259328,0.98890625,0.949
61300,0.041324577927589416,0.1549457122866338,0.99,0.9498
61400,0.03897666126489639,0.16143499236232556,0.9912170639899623,0.948
61500,0.0356959205493331,0.15792885932107323,0.99265625,0.9495
61600,0.03603847898542881,0.1609369970429629,0.992265625,0.9463
61700,0.035936597399413586,0.16277428440297373,0.990859375,0.9469
61800,0.03693287445232272,0.15823025913379443,0.9909818067754078,0.9488
61900,0.030139857903122902,0.15626001755555216,0.994140625,0.9479
62000,0.03181683711707592,0.16009775337319784,0.99296875,0.948
62100,0.0320454042032361,0.15643760872582277,0.99265625,0.9489
62200,0.03292565774172544,0.1615539944162384,0.9923933500627352,0.9479
62300,0.030246912017464638,0.1588926487408888,0.99328125,0.9483
62400,0.026778271496295927,0.15743684785339399,0.994609375,0.9496
62500,0.0285543779656291,0.15998894561784335,0.9934375,0.947
62600,0.029942381270229815,0.15617391426628008,0.9931775407779172,0.9486
62700,0.0258087850920856,0.16189197324716245,0.995625,0.948
62800,0.023483592458069323,0.1725648445919299,0.9965625,0.9451
62900,0.026048351395875215,0.16149899646782648,0.994140625,0.9481
63000,0.027354941815137864,0.15994291338391198,0.9946675031367629,0.9485
63100,0.023892727252095937,0.15813429813129834,0.995859375,0.9492
63200,0.023111914545297624,0.16032971246554828,0.995703125,0.9481
63300,0.025723324231803416,0.17102041797706494,0.994453125,0.9461
63400,0.024092434756457805,0.16222037960546085,0.9959222082810539,0.9503
63500,0.02101082632318139,0.16056481032325817,0.99703125,0.9502
63600,0.02179867262020707,0.1609451073093917,0.99625,0.9493
63700,0.02235819909721613,0.1611235785408142,0.9959375,0.9501
63800,0.02018267534673214,0.1628102785625016,0.9963143036386449,0.9502
63900,0.018682059533894062,0.16151966606847012,0.997109375,0.9509
64000,0.021602232493460178,0.16119669340907955,0.995859375,0.9508
64100,0.021205115411430598,0.16587676579198138,0.996484375,0.9484
64200,0.019655125476419927,0.16040558596483814,0.9967063989962359,0.9528
64300,0.018489235378801823,0.16374390802015892,0.9971875,0.9502
64400,0.017830221485346555,0.16697949932786985,0.997421875,0.9496
64500,0.020034087635576726,0.16142533368434006,0.9965625,0.9498
64600,0.01878421740606427,0.16439211717286048,0.9970984943538268,0.9506
64700,0.01608197532594204,0.16105494023369143,0.998046875,0.9512
64800,0.017979713696986435,0.16462723807262156,0.996796875,0.9503
64900,0.01729249993339181,0.16381863271371244,0.9978125,0.9491
65000,0.014439589995890855,0.16282315447498052,0.998353199498118,0.95
65100,0.01570781160145998,0.16572092923398216,0.9978125,0.9493
65200,0.017313326224684716,0.16538926271108773,0.997421875,0.9495
65300,0.01858786049298942,0.16948805474482787,0.9968632371392723,0.9473
65400,0.015792996902018786,0.16176967163341113,0.997421875,0.9509
65500,0.014204516522586346,0.16305643092757596,0.998125,0.9493
65600,0.016184183992445467,0.16231708542797893,0.99765625,0.9512
65700,0.01736656630411744,0.16372789663914294,0.9967063989962359,0.949
65800,0.013933118525892496,0.16166881213601406,0.998203125,0.95
65900,0.01539586205035448,0.1622085158650677,0.99828125,0.9513
66000,0.014512108042836189,0.16179708779429475,0.99828125,0.9501
66100,0.01497268633916974,0.1674369773187767,0.9981179422835633,0.9498
66200,0.014776370041072368,0.1561594849196486,0.997734375,0.9521
66300,0.013905934821814299,0.16927385570618292,0.998203125,0.9472
66400,0.014464456513524055,0.1578483641528474,0.99828125,0.9514
66500,0.014056160869076849,0.1598590680014211,0.997569008782936,0.9505
66600,0.013588197361677885,0.1617676496220092,0.998125,0.9501
66700,0.012527943216264248,0.16236645145157275,0.99875,0.9514
66800,0.012811677996069193,0.163539113732763,0.998515625,0.9511
66900,0.012420510202646255,0.16328852880781833,0.9989021329987453,0.9509
67000,0.012775991465896369,0.16513894922055375,0.99828125,0.9502
67100,0.012093977872282266,0.1628013077302101,0.99875,0.9508
67200,0.013015926741063595,0.16143382081208518,0.9984375,0.9512
67300,0.01341247278265655,0.1618015144865353,0.9981179422835633,0.9508
67400,0.011942519266158342,0.1623551240458656,0.99875,0.9508
67500,0.013852675128728151,0.1704451493895092,0.9984375,0.9481
67600,0.012931239008903504,0.17149874617973457,0.998671875,0.9484
67700,0.014742925688624382,0.17075527099946056,0.9981963613550816,0.9489
67800,0.01184178575873375,0.1604123591138913,0.99875,0.9515
67900,0.012734585199505091,0.20115839004421388,0.998515625,0.9434
68000,0.013061796650290489,0.17486721884233122,0.998828125,0.9487
68100,0.010943748075515031,0.17424840211106565,0.9988237139272271,0.9488
68200,0.01108505753800273,0.1684104408652257,0.998828125,0.9479
68300,0.011735249068588019,0.16656742716273562,0.998671875,0.9513
68400,0.01448822157457471,0.1690772533321533,0.997734375,0.9489
68500,0.012496929075568914,0.1675024799788341,0.9985884567126725,0.9521
68600,0.011941989865154028,0.18177185519434774,0.998828125,0.9455
68700,0.013981591947376727,0.1642212152909547,0.9978125,0.9508
68800,0.01286814920604229,0.1848432667339191,0.9984375,0.9446
68900,0.013296283110976219,0.16147199580178093,0.9982747804265998,0.9514
69000,0.012484830804169178,0.16849670560358052,0.99859375,0.9509
69100,0.011956103146076202,0.16477201855220733,0.99859375,0.9511
69200,0.011374069135636091,0.16973105838266425,0.99921875,0.9508
69300,0.01032549899071455,0.170919793553817,0.9991373902132998,0.9499
69400,0.01009256100282073,0.15631443476334167,0.99921875,0.9516
69500,0.011957996506243945,0.16584632533807725,0.99828125,0.9506
69600,0.013828879315406084,0.17726850880982395,0.9980395232120451,0.9467
69700,0.011589638963341713,0.17493598058391302,0.998828125,0.9479
69800,0.01043394546955824,0.16091214436978196,0.999375,0.9516
69900,0.01099216740578413,0.16490691959762727,0.998515625,0.9516
70000,0.013574436884373426,0.17101034704155435,0.9982747804265998,0.9489
70100,0.010937804076820611,0.17009606952674852,0.9990625,0.9483
70200,0.010397084206342697,0.17238729663740712,0.998984375,0.9466
70300,0.011931667663156986,0.1633325048957389,0.99875,0.9511
70400,0.011011404683813453,0.16779055077427873,0.999215809284818,0.9499
70500,0.01021931916475296,0.1625031201650921,0.998984375,0.9502
70600,0.010127080772072077,0.16940069600892144,0.99921875,0.9485
70700,0.0124690543115139,0.17032593533920404,0.997890625,0.9482
70800,0.011305707711726428,0.1687878854691792,0.9988237139272271,0.951
70900,0.01050500500947237,0.16904269392117144,0.999140625,0.9494
71000,0.01154458947479725,0.17039625049113466,0.99875,0.9485
71100,0.01302333863452077,0.1708120799864443,0.998671875,0.9485
71200,0.012157778684049846,0.1659458125718295,0.9989805520702635,0.9496
71300,0.011441791160032154,0.17468301313944137,0.998828125,0.9448
71400,0.01296368096023798,0.17067099453066104,0.9984375,0.9497
71500,0.01524704486131668,0.19073124317981946,0.997734375,0.9419
71600,0.016563291633501648,0.17135831332816104,0.9967063989962359,0.9452
71700,0.012778821289539338,0.1723386961431168,0.99890625,0.9471
71800,0.01240212056785822,0.16959472788503757,0.998828125,0.9461
71900,0.01443933429196477,0.17278491843717927,0.998125,0.9458
72000,0.01519332241266966,0.1808102281329731,0.9981963613550816,0.946
72100,0.013821094650775195,0.17159071193335537,0.99796875,0.9464
72200,0.014342330656945705,0.1789639958748802,0.997890625,0.9465
72300,0.017557810079306364,0.18863466960458328,0.997578125,0.9431
72400,0.016307526361197235,0.19255277404960353,0.9973337515683814,0.9408
72500,0.016831404399126768,0.1816656709241029,0.996875,0.9437
72600,0.018778346087783573,0.18585077673196793,0.9965625,0.9418
72700,0.017916180342435837,0.1798127130173837,0.997265625,0.9437
72800,0.016526159755885603,0.1790342292132469,0.997569008782936,0.9473
72900,0.019650697614997624,0.18874160213449512,0.99625,0.9412
73000,0.0194913986697793,0.1800059061080884,0.99609375,0.945
73100,0.02239431545138359,0.18616394301096853,0.995390625,0.9439
73200,0.01768940268084407,0.18425280103287378,0.9969416562107905,0.9441
73300,0.01681277761235833,0.17551474368419892,0.997890625,0.9453
73400,0.019097722843289377,0.21771267118354956,0.99640625,0.9339
73500,0.022252454496920107,0.22961398564017238,0.995859375,0.9301
73600,0.020921789538115264,0.18406329963344353,0.9966279799247177,0.9448
73700,0.014399057850241662,0.1762632305344073,0.998671875,0.9461
73800,0.016393122635781764,0.17970675510910752,0.9978125,0.9458
73900,0.01890940183773637,0.1970336139916231,0.9963927227101631,0.9405
74000,0.01896851832047105,0.17868059152326646,0.99671875,0.945
74100,0.017546672895550727,0.18493570799168688,0.996796875,0.9449
74200,0.02099786987528205,0.21616760098610444,0.9953125,0.9364
74300,0.02446064606308937,0.19827363397271489,0.9946675031367629,0.9413
74400,0.01844679705798626,0.18511945635270768,0.996796875,0.9439
74500,0.02299630457535386,0.18648682232386768,0.995078125,0.9426
74600,0.024469983782619237,0.18313090280650524,0.9946875,0.9424
74700,0.03151867231354118,0.23022810005532285,0.9917659974905897,0.9307
74800,0.021696625109761954,0.19861241315786068,0.995546875,0.9385
74900,0.025777344051748516,0.20391234957848114,0.99453125,0.9372
75000,0.029396747183054687,0.20835894986558645,0.9925,0.9351
75100,0.02914856409654021,0.18250101757125733,0.9927854454203262,0.9453
75200,0.027287667486816644,0.194769200461265,0.99375,0.9379
75300,0.028814070932567118,0.2304769863669103,0.993046875,0.9343
75400,0.02827151061967015,0.1936498556655055,0.994375,0.9396
75500,0.025302156209945678,0.21131343753954854,0.9944322459222082,0.9363
75600,0.023264593929052352,0.21389750191293205,0.99515625,0.9369
75700,0.022337016463279725,0.20347189534300814,0.99609375,0.9382
75800,0.0296471331641078,0.23595219786269978,0.99265625,0.9277
75900,0.028093085400760175,0.2150499083030338,0.9929422835633626,0.9369
76000,0.028719077333807946,0.20556663802732675,0.994140625,0.9375
76100,0.0212117356993258,0.20008003138029537,0.9959375,0.9399
76200,0.02424267927184701,0.1936568643766851,0.995390625,0.9436
76300,0.022951429076492787,0.18074045665919208,0.9951380175658721,0.9442
76400,0.01950983878225088,0.20314226268579405,0.996640625,0.9415
76500,0.019925846010446547,0.2017969430064241,0.996875,0.9386
76600,0.024290470723062754,0.22059529265180564,0.994453125,0.9352
76700,0.023098370544612407,0.19526057107189593,0.9954516938519448,0.9415
76800,0.022705692201852798,0.2118161314140303,0.994453125,0.9339
76900,0.022717393785715103,0.1918644772265285,0.994921875,0.943
77000,0.026675965171307325,0.21235366203724004,0.994140625,0.9372
77100,0.02355214038863778,0.2123817544870864,0.9952164366373902,0.9363
77200,0.02450932879000902,0.1976848729073811,0.994609375,0.9413
77300,0.023821737188845872,0.20838188410947878,0.994921875,0.9381
77400,0.031155620496720077,0.24117921764096514,0.9925,0.9293
77500,0.03036134108901024,0.20566417674382273,0.993099121706399,0.937
77600,0.027843801081180574,0.2254109879890189,0.993359375,0.9296
77700,0.029799511693418025,0.20463542045114902,0.992578125,0.9382
77800,0.030406604763120414,0.23431877263437825,0.992734375,0.9304
77900,0.021382060423493384,0.2296909302615891,0.9958437892095358,0.9326
78000,0.020486209988594056,0.2071570827366826,0.9959375,0.9375
78100,0.023001421764492987,0.21554871853262472,0.995078125,0.9343
78200,0.03326626462861895,0.26606767655561525,0.9912954830614805,0.9245
78300,0.03700764749199152,0.23904695007176444,0.989921875,0.9279
78400,0.032016286812722686,0.21373722761774216,0.991640625,0.9366
78500,0.03665389962494373,0.21485961181001542,0.989609375,0.9357
78600,0.0402645823545754,0.22659746769327707,0.988629234629862,0.932
78700,0.03434241907671094,0.22942591668032228,0.991796875,0.933
78800,0.04072906125336886,0.2426323546245456,0.988359375,0.9284
78900,0.04124707089737058,0.24352185499553863,0.988046875,0.9265
79000,0.04220121197402477,0.21910208342269585,0.9889429109159348,0.9342
79100,0.03277312276884913,0.2045410751772765,0.991640625,0.9383
79200,0.027461513355374337,0.23177625034182978,0.99359375,0.9296
79300,0.03350687837228179,0.28702672080586134,0.991953125,0.9207
79400,0.031746659949421885,0.2312112792183797,0.9934127979924717,0.9309
79500,0.023241255041211842,0.19776222443047423,0.9953125,0.9397
79600,0.0267326451651752,0.20659013766164597,0.99359375,0.9367
79700,0.024411087408661842,0.23031578298670036,0.994609375,0.9315
79800,0.031482923002913596,0.22729231783757195,0.9923933500627352,0.9343
79900,0.032887579035013915,0.24668414224260532,0.991484375,0.929
80000,0.029166118875145912,0.23896982958808113,0.992734375,0.9339
80100,0.03088775658980012,0.22672547211947913,0.993203125,0.935
80200,0.027708881348371506,0.2228554549356238,0.9930207026348808,0.9332
80300,0.02583664558827877,0.22776341064574238,0.99375,0.9327
80400,0.025808180831372738,0.20308539459404473,0.99390625,0.9386
80500,0.028586414568126203,0.21382474839782561,0.993046875,0.9349
80600,0.025830518957227468,0.22309246087988344,0.9939617314930991,0.934
80700,0.02783011196181178,0.21072273180126763,0.993125,0.9361
80800,0.029439661875367163,0.21559929255003366,0.99296875,0.9364
80900,0.029736390858888625,0.22823129822842228,0.993125,0.9329
81000,0.025049197655171156,0.254917572552975,0.9938833124215809,0.9248
81100,0.03036629196256399,0.23794469865747153,0.992109375,0.9341
81200,0.028794219065457583,0.2137407816160982,0.991875,0.938
81300,0.03550192713737488,0.23423673648137255,0.991015625,0.9285
81400,0.029344275277107954,0.20757486187992766,0.992707026348808,0.9357
81500,0.02479808622971177,0.21925298658946452,0.99390625,0.9356
81600,0.027930638883262873,0.2221225157570534,0.992421875,0.9319
81700,0.03418347207829356,0.24614968967323486,0.99109375,0.9273
81800,0.03539467031136155,0.2511585126288783,0.9918444165621079,0.9282
81900,0.02690695531666279,0.20692425537794923,0.993984375,0.9376
82000,0.0329709692299366,0.25071509808492354,0.991796875,0.9273
82100,0.041490534897893665,0.2316374525475426,0.9890625,0.9301
82200,0.03185726197436452,0.20909816345658166,0.992314930991217,0.9374
82300,0.029068762566894293,0.2267926071827023,0.9928125,0.933
82400,0.03394442426040769,0.24979739748060512,0.991796875,0.9217
82500,0.03440846468321979,0.24527868295249086,0.9898055207026348,0.9304
82600,0.026765760947018862,0.2228683927617134,0.99375,0.9344
82700,0.01882060179486871,0.1909847882704232,0.996640625,0.9424
82800,0.018882516641169786,0.2063308851644635,0.9959375,0.9393
82900,0.027749122362583877,0.22278390608180446,0.9923933500627352,0.9325
83000,0.023113763816654684,0.24382101946745438,0.994921875,0.9299
83100,0.028229060303419828,0.20735855738575848,0.993203125,0.9367
83200,0.026289563681930302,0.27340955206285267,0.992890625,0.9186
83300,0.03192872244864702,0.2457208370867248,0.9923933500627352,0.9291
83400,0.03052008870989084,0.2372999173193313,0.992734375,0.9286
83500,0.029796092081815006,0.27089186705434665,0.993046875,0.9223
83600,0.028929359819740055,0.21746549798181644,0.992890625,0.935
83700,0.035604007933288814,0.284750927180147,0.990668130489335,0.9156
83800,0.03533401977270842,0.26926760039866543,0.99078125,0.9231
83900,0.03066123792901635,0.23066475937446465,0.9928125,0.9306
84000,0.03710099332034588,0.23299077691171116,0.989140625,0.9296
84100,0.023898402508348227,0.19917885535441268,0.9952948557089084,0.9408
84200,0.017862452697008847,0.19295593339223832,0.99671875,0.9405
84300,0.021280572190880774,0.2230896699590424,0.995,0.936
84400,0.025518408212810754,0.24243728947429993,0.9940625,0.9274
84500,0.026978918295353652,0.2401428270025756,0.9931775407779172,0.9304
84600,0.01740103045478463,0.21066228081338323,0.9965625,0.9389
84700,0.022032467387616633,0.23741280163724582,0.9959375,0.9317
84800,0.019932246338576078,0.2309780816871899,0.995703125,0.9348
84900,0.029441348519176246,0.2984547409862756,0.9917659974905897,0.9143
85000,0.037138175200670955,0.23408939043125407,0.988984375,0.9315
85100,0.03435251079499722,0.2697232014026505,0.9903125,0.9257
85200,0.03984631361439824,0.24908941048688402,0.988828125,0.9255
85300,0.028851610999554397,0.2315593195466188,0.9934127979924717,0.9283
85400,0.02695998953655362,0.22339892175536566,0.993828125,0.9332
85500,0.02954072391614318,0.2264948960619803,0.992578125,0.9336
85600,0.03285249730572105,0.2687150062130282,0.991875,0.9223
85700,0.0322412908449769,0.2315199768628937,0.9916091593475533,0.9306
85800,0.029447529427707196,0.22621461561027045,0.9928125,0.9333
85900,0.03657577449455857,0.23326332726703283,0.990078125,0.9337
86000,0.03536587432026863,0.24912236624965653,0.990078125,0.9262
86100,0.02973556477576494,0.22976902531930052,0.9928638644918444,0.9349
86200,0.02749255735427141,0.2704749491553718,0.993671875,0.9212
86300,0.02995929814875126,0.2252972619459271,0.992265625,0.9326
86400,0.025207974053919315,0.23533776226325537,0.99453125,0.9325
86500,0.03038551479578018,0.2617692131394395,0.991060225846926,0.9275
86600,0.032851192466914654,0.2130730486573122,0.991328125,0.9355
86700,0.030563561972230674,0.23324791294412492,0.99234375,0.9317
86800,0.03394619718194008,0.20573680816938322,0.990703125,0.9386
86900,0.025814008694142104,0.21088717304193935,0.9939617314930991,0.9389
87000,0.023436052519828082,0.24491354731467965,0.994296875,0.9258
87100,0.029349491223692892,0.21338065437520273,0.9925,0.9359
87200,0.02729920256882906,0.24708950671905908,0.9930207026348808,0.9291
87300,0.020638280007988216,0.20371129192388096,0.99578125,0.9379
87400,0.02063781986013055,0.20815683682315267,0.995703125,0.9386
87500,0.02738340964540839,0.24660108483637483,0.992265625,0.9268
87600,0.02567214222624898,0.19914289372273908,0.9938833124215809,0.9404
87700,0.02190821833908558,0.1908879087993893,0.995,0.943
87800,0.01734694842249155,0.20604901137157752,0.996875,0.9388
87900,0.021628962885588406,0.2095509295979628,0.995234375,0.9383
88000,0.018956522401422263,0.17404758813567817,0.9960790464240903,0.9473
88100,0.011895889416337013,0.16182580285559828,0.997890625,0.953
88200,0.008701838329434395,0.1585706383846819,0.9990625,0.9521
88300,0.008119264766573906,0.15675304463496223,0.99921875,0.9539
88400,0.0069076791033148765,0.1539643119794492,0.9994510664993727,0.9567
88500,0.00481299364939332,0.1534591498323523,0.99984375,0.9556
88600,0.0053822994977235795,0.1525470358542741,0.9996875,0.9562
88700,0.005749122928828001,0.15109371410581632,0.99953125,0.9557
88800,0.004755512553965673,0.14997425518287255,0.9998431618569636,0.9567
88900,0.004924987982958555,0.1508665772291799,0.9996875,0.9563
89000,0.004655852578580379,0.1491384868280956,0.99984375,0.9574
89100,0.00456954263150692,0.15121645463731723,0.999453125,0.9567
89200,0.004555959030985832,0.15139933235157793,0.9998431618569636,0.9547
89300,0.004323178380727768,0.14914590505936656,0.999765625,0.9567
89400,0.004152330122888088,0.14814643707043065,0.999765625,0.9579
89500,0.004256076421588659,0.14774604651112908,0.99984375,0.9573
89600,0.003998501375317574,0.14847034215927124,0.9998431618569636,0.9577
89700,0.0043847402930259705,0.15007855805059592,0.9996875,0.9576
89800,0.0038111936673521996,0.14974256981009493,1.0,0.9579
89900,0.003641049787402153,0.1475277027716271,1.0,0.9586
90000,0.0036519777262583376,0.1472742023368994,0.9998431618569636,0.9571
90100,0.003416580744087696,0.14975587597575052,0.999921875,0.9574
90200,0.0037263724394142627,0.1471281767891238,0.99984375,0.9583
90300,0.0035194174200296404,0.14765185527146435,0.99984375,0.9572
90400,0.0033381869830191135,0.14635401121534097,0.9999215809284818,0.9577
90500,0.004060527961701155,0.1459781425163007,0.99953125,0.9583
90600,0.003330219089984894,0.14747754298745633,0.999921875,0.9571
90700,0.0033496548980474473,0.1457165523697012,0.999921875,0.9581
90800,0.0033229151321575046,0.14582611453799774,0.9998431618569636,0.9582
90900,0.003300105221569538,0.1503542426485604,0.99984375,0.9575
91000,0.0031529704295098783,0.14806150833067422,0.999921875,0.9582
91100,0.0033634798787534237,0.14661522580983158,0.999765625,0.9581
91200,0.002917020199820399,0.14671912696510078,1.0,0.9585
91300,0.003028722107410431,0.14713407705386225,1.0,0.9593
91400,0.0036279441975057124,0.146085837969003,0.9996875,0.9584
91500,0.0032394546922296288,0.14471753212971428,0.9998431618569636,0.9581
91600,0.0027701311372220518,0.14686652772818892,1.0,0.958
91700,0.0029974975250661373,0.14501962377526129,1.0,0.9585
91800,0.0030065276101231574,0.1469836076513266,0.999921875,0.9577
91900,0.0029013561573810877,0.14836192854677147,1.0,0.9563
92000,0.0027460055239498615,0.14464664190245893,1.0,0.959
92100,0.0029229301027953623,0.14557095233815165,1.0,0.9589
92200,0.002877707313746214,0.14491503590497726,1.0,0.9578
92300,0.00300454911775887,0.14547790456027648,0.9999215809284818,0.9582
92400,0.002825233656913042,0.14574356474720251,0.999921875,0.9588
92500,0.0028528740257024766,0.14491312646161253,1.0,0.9588
92600,0.002641446217894554,0.14557845183549978,0.999921875,0.9594
92700,0.002835378374438733,0.14491157669324084,0.9999215809284818,0.9594
92800,0.0027162398770451545,0.14589995133895844,0.999921875,0.9588
92900,0.0026905512064695357,0.14411522067202548,1.0,0.9589
93000,0.0029736281372606753,0.14619832914382125,0.99984375,0.9584
93100,0.002802809525746852,0.14585468783593789,1.0,0.9589
93200,0.002788552436977625,0.14371877520705184,0.99984375,0.9582
93300,0.002725122254341841,0.1432962380230617,0.999921875,0.9594
93400,0.002850798014551401,0.1432422696591947,1.0,0.9594
93500,0.0029450336401350796,0.1435666236395653,0.9999215809284818,0.96
93600,0.002985614128410816,0.14369941350465384,1.0,0.9589
93700,0.0023768565990030764,0.1436051455216286,1.0,0.9597
93800,0.002664269544184208,0.144602543034683,0.999921875,0.9598
93900,0.0024736522999592126,0.14341639103695228,0.9998431618569636,0.9591
94000,0.0023386523500084876,0.14531064859499185,1.0,0.9594
94100,0.002471569813787937,0.14432815733713844,1.0,0.958
94200,0.002592334784567356,0.14485426218555378,0.999921875,0.9588
94300,0.0026639791647903623,0.14255598889657864,1.0,0.9599
94400,0.0024262688867747783,0.14434042744362316,1.0,0.9587
94500,0.0027198186703026295,0.1452990306404452,1.0,0.9592
94600,0.0026025631092488765,0.14390419283137915,1.0,0.96
94700,0.0026598437363281845,0.14218125323327585,1.0,0.96
94800,0.002543718833476305,0.1436816924296248,1.0,0.9594
94900,0.0024105294980108737,0.14196007229840032,1.0,0.9607
95000,0.0026637957990169525,0.14245451198884854,1.0,0.9604
95100,0.002477767274249345,0.14294037451378452,1.0,0.9596
95200,0.002426754292100668,0.1425757897309602,1.0,0.9604
95300,0.0025682336278259753,0.1425136998295784,1.0,0.96
95400,0.002441300917416811,0.14072571851955817,1.0,0.9606
95500,0.0027266563661396503,0.14206047482288683,0.9998431618569636,0.9594
95600,0.0023468481563031674,0.14179756494756704,1.0,0.9595
95700,0.0023974250815808774,0.14238072674685773,1.0,0.9591
95800,0.002391136601800099,0.14402196179039942,0.9999215809284818,0.9594
95900,0.0025114279426634314,0.1430864469787945,0.99984375,0.9599
96000,0.0027326776832342146,0.14127462183515105,1.0,0.9596
96100,0.002662456156685948,0.14253702550269545,0.999921875,0.96
96200,0.002516004663193598,0.14406298627011693,1.0,0.9591
96300,0.002490097489207983,0.14195484972704714,1.0,0.9601
96400,0.00236805846914649,0.14257192274870964,1.0,0.9599
96500,0.0023998110741376877,0.14181580556372103,1.0,0.9602
96600,0.002496775113977492,0.14080684313092368,0.9999215809284818,0.9606
96700,0.0025797395966947077,0.1442151030007833,0.99984375,0.9595
96800,0.0024632828310132025,0.14225846345717916,1.0,0.9603
96900,0.0024559940211474895,0.14238221982654672,0.999921875,0.9595
97000,0.0025504836300387977,0.1411695390368422,1.0,0.9602
97100,0.002282382398843765,0.14226683091146117,1.0,0.9598
97200,0.00235818425193429,0.1420944283088556,1.0,0.9596
97300,0.002370386328548193,0.1420664603289324,1.0,0.9592
97400,0.0023234313167631625,0.14175578375784353,1.0,0.9598
97500,0.0024488874711096286,0.14175457875140177,1.0,0.9594
97600,0.0023430384695529937,0.14197675050637973,1.0,0.9599
97700,0.0023514815233647824,0.1428856359788785,1.0,0.9589
97800,0.0022250495571643114,0.14059074853841488,1.0,0.9594
97900,0.002474065739661455,0.13989033341741028,0.999921875,0.9599
98000,0.0025029080361127854,0.14129951917610992,1.0,0.9596
98100,0.0023060287535190582,0.1391270319684245,1.0,0.96
98200,0.0024536850256845354,0.14103089170619704,0.9999215809284818,0.9607
98300,0.0022893865406513215,0.14122908022076178,1.0,0.9608
98400,0.0024148714914917946,0.14184278735337547,0.999921875,0.9597
98500,0.0025363374687731267,0.1431048610054266,1.0,0.9588
98600,0.0023212045547552408,0.140964651700502,1.0,0.9596
98700,0.0022439762949943544,0.13960950483624546,1.0,0.9605
98800,0.0022814413346350193,0.14001557066703377,1.0,0.9598
98900,0.0024942281655967236,0.13962485574590514,0.999921875,0.9609
99000,0.0021736513450741767,0.13964919637614925,1.0,0.9612
99100,0.002397767845541239,0.14124140598046514,1.0,0.9601
99200,0.002481229193508625,0.14057701797531055,0.999921875,0.9606
99300,0.0025099661946296693,0.14115205140540393,1.0,0.9605
99400,0.0022971008089371025,0.139158049830423,1.0,0.9609
99500,0.002386379800736904,0.14207292883731307,0.999921875,0.9594
99600,0.0024261485040187837,0.14077305215330552,1.0,0.9611
99700,0.0025979167222976683,0.14185144171451988,0.999921875,0.9606
99800,0.0022515835473313926,0.14104680243296364,0.9999215809284818,0.9593
99900,0.0022627210989594458,0.14130582903235103,1.0,0.9604
100000,0.0021615065447986126,0.1401147462856084,1.0,0.9598
100100,0.0021237703785300256,0.1402382884924404,1.0,0.9598
100200,0.0022453388012945654,0.14072150872728695,1.0,0.9606
100300,0.002196899875998497,0.13876899312765073,1.0,0.9609
100400,0.0023992522805929184,0.14121576605703884,1.0,0.9601
100500,0.002355469356989488,0.14120105875376315,1.0,0.9592
100600,0.00237683080136776,0.14176065419999936,1.0,0.9596
100700,0.002458414863795042,0.1415761332399548,0.999921875,0.9601
100800,0.002265147231519222,0.14205024674677622,1.0,0.9603
100900,0.0022917505633085968,0.1402171216786098,1.0,0.9602
101000,0.002416369915008545,0.14008821270907648,0.999921875,0.9604
101100,0.002456390634179115,0.1415273540745528,0.999921875,0.9605
101200,0.0025251122750341894,0.1419059549705289,1.0,0.9594
101300,0.0022108753584325312,0.14006907285783238,1.0,0.9602
101400,0.0024015305563807486,0.13987739460346416,0.999921875,0.9601
101500,0.002495637722313404,0.14110834250292079,0.999921875,0.9596
101600,0.002224313486367464,0.13854574447813126,0.999921875,0.9603
101700,0.002266772426664829,0.14000730154613336,1.0,0.96
101800,0.0021852788887917994,0.1396471669498724,1.0,0.9604
101900,0.002273694109171629,0.14006210078065767,1.0,0.9609
102000,0.0023448939993977545,0.14035513450781378,1.0,0.9609
102100,0.002214302308857441,0.1408333400734507,1.0,0.9598
102200,0.0024287350475788116,0.13902456022965642,1.0,0.9608
102300,0.0022131988778710367,0.13757558233631303,1.0,0.9609
102400,0.0025003157928586007,0.13926683249660193,1.0,0.9599
102500,0.0022456764476373793,0.13993447312055685,1.0,0.9606
102600,0.0024162995629012584,0.13929015686051152,1.0,0.96
102700,0.0023278491757810116,0.1414592255609104,1.0,0.9603
102800,0.0024456238374114037,0.13967709719373014,1.0,0.961
102900,0.0024748138932045548,0.13813273882427915,1.0,0.9614
103000,0.002227061651647091,0.1404130289825007,1.0,0.96
103100,0.0022691429778933527,0.139515994527279,1.0,0.9594
103200,0.002298569083213806,0.1410765495306006,1.0,0.9598
103300,0.0024435903993435203,0.13845815421483768,0.9999215809284818,0.9604
103400,0.0021837781369686126,0.14233880329389162,1.0,0.9598
103500,0.002153724357485771,0.14038704745114422,1.0,0.9597
103600,0.0023868025653064253,0.13960198541514027,1.0,0.9605
103700,0.002223359361523762,0.13993968833654452,1.0,0.9609
103800,0.002320989724248648,0.14047297149801408,0.99984375,0.9608
103900,0.0024297375231981276,0.1385418642252779,1.0,0.9613
104000,0.002062639258801937,0.13866494117548672,1.0,0.9614
104100,0.0025014288257807493,0.1402832822392162,0.9999215809284818,0.9602
104200,0.0022691475227475167,0.14083952136551992,1.0,0.9598
104300,0.002306270748376846,0.13953368451458198,1.0,0.9602
104400,0.002491452214308083,0.14069440613349024,1.0,0.9609
104500,0.0022895503789186478,0.13891983365479368,1.0,0.9605
104600,0.0023253588750958443,0.13936155053754204,1.0,0.9603
104700,0.0024695518985390665,0.1401279200665867,0.999921875,0.9604
104800,0.002275847224518657,0.13839649111508562,1.0,0.9609
104900,0.0023236663825809954,0.13899348410792625,1.0,0.961
105000,0.0022245008870959283,0.13944246779425076,1.0,0.9605
105100,0.0022069875337183474,0.13984171552256272,1.0,0.9597
105200,0.0023215589369647207,0.14028087820107946,1.0,0.9601
105300,0.0022278467938303946,0.13999760767427116,1.0,0.9595
105400,0.0022331046871840953,0.14065777876982674,1.0,0.9597
105500,0.00244048785418272,0.1401383888940461,1.0,0.9598
105600,0.002343763601966202,0.13869688102898126,1.0,0.9602
105700,0.002264741510152817,0.1409339134733136,1.0,0.9599
105800,0.0021901156008243563,0.1412906711474775,1.0,0.9595
105900,0.002156262341886759,0.1394317947304287,1.0,0.9594
106000,0.0022326370142400267,0.14099668685239725,1.0,0.9605
106100,0.002554269377142191,0.13997290292963052,1.0,0.9605
106200,0.0022367918863892555,0.14110786829607935,1.0,0.9602
106300,0.0022994354367256165,0.1402829581746659,0.999921875,0.9614
106400,0.002693135286681354,0.14064140413135004,1.0,0.9598
106500,0.002116825021803379,0.13961639414770535,1.0,0.9605
106600,0.002396796513348818,0.13835999164908838,1.0,0.9607
106700,0.002313979621976614,0.14053028531539175,1.0,0.9607
106800,0.00219859866425395,0.1377380824269959,1.0,0.9602
106900,0.002217388991266489,0.13957993892101814,1.0,0.9603
107000,0.0023815416917204856,0.14190601064755132,1.0,0.9601
107100,0.002239655815064907,0.13960841836068577,1.0,0.9603
107200,0.002268960038200021,0.1387554382601866,1.0,0.9607
107300,0.002409986425191164,0.1396296957549386,0.999921875,0.9601
107400,0.0022875781543552874,0.13762102454615097,1.0,0.9603
107500,0.0022687282413244247,0.1397124367733352,1.0,0.9599
107600,0.0025307864882051943,0.13887607272916708,0.9999215809284818,0.9601
107700,0.002292550019919872,0.1391146650996071,1.0,0.9607
107800,0.0023062653839588166,0.13857362826411335,1.0,0.9614
107900,0.0023050101473927496,0.14083968119594617,1.0,0.9594
108000,0.00243869889061898,0.13855270539133693,1.0,0.9609
108100,0.002273098211735487,0.13899326998109635,1.0,0.9606
108200,0.0023270284384489057,0.13846705356440225,1.0,0.9594
108300,0.0024556189402937887,0.1410881848738026,1.0,0.9596
108400,0.0024584104819223283,0.13915565205267824,1.0,0.96
108500,0.0022476469352841377,0.13941176595112767,1.0,0.9605
108600,0.0024526384472846985,0.13812249138380012,1.0,0.9603
108700,0.0024163925694301726,0.13965483871511758,1.0,0.9602
108800,0.0025081972032785418,0.13868753613231663,1.0,0.9611
108900,0.0024219815619289874,0.13947014319011197,1.0,0.9602
109000,0.0024572391621768474,0.13943075633848817,0.999921875,0.9602
109100,0.0024088612687774,0.13940178348233526,0.9999215809284818,0.9598
109200,0.0022554563917219638,0.13824292715079486,1.0,0.9602
109300,0.002407301589846611,0.13821939590830393,1.0,0.9594
109400,0.002185101080685854,0.1383874792331895,1.0,0.9595
109500,0.0023299573245458304,0.1378897264623604,1.0,0.9604
109600,0.002288061361759901,0.1377244311304519,1.0,0.9597
109700,0.002203323617577553,0.13626907563533264,1.0,0.9606
109800,0.0022851323150098325,0.139056968172423,1.0,0.9607
109900,0.002482516288291663,0.13823403477573548,1.0,0.9597
110000,0.0022922984138131143,0.1377624529666794,1.0,0.9601
110100,0.0023097627982497215,0.13817991703129806,1.0,0.9598
110200,0.0026282742619514465,0.13774857420129136,1.0,0.9603
110300,0.0022952716471627355,0.13728672363601935,1.0,0.9598
110400,0.002334742397069931,0.13783661016640952,1.0,0.9604
110500,0.002362863626331091,0.1375393605889223,1.0,0.9599
110600,0.0025112426280975344,0.137427039503956,1.0,0.9593
110700,0.002420009948546067,0.13706828242007155,1.0,0.9609
110800,0.0021945562586188315,0.1385154947162436,1.0,0.9603
110900,0.002264929264783859,0.13830904380534403,1.0,0.9601
111000,0.0023219240456819534,0.1378010249437806,1.0,0.9598
111100,0.0024935129028744994,0.14067189350200537,1.0,0.9592
111200,0.002461158335208893,0.13735631218971536,1.0,0.9604
111300,0.0022564239427447317,0.13799069061304053,1.0,0.9598
111400,0.0021909993141889573,0.13881793468238446,1.0,0.9588
111500,0.002590892408043146,0.13700662367640973,0.9999215809284818,0.9596
111600,0.0024015757255256174,0.13928896356552553,1.0,0.9594
111700,0.002380889542400837,0.1375158187894585,1.0,0.9593
111800,0.00237806785851717,0.13823380847327627,1.0,0.9598
111900,0.002604312291368842,0.13727503935226237,1.0,0.9603
112000,0.002274475544691086,0.1381074474951901,1.0,0.9601
112100,0.0023456482589244844,0.1394623865287144,1.0,0.9589
112200,0.002452643048018217,0.1381354989549413,1.0,0.9595
112300,0.002707573298830539,0.1381381571102447,1.0,0.9594
112400,0.00222080547362566,0.14005874066402357,1.0,0.9597
112500,0.002578859683126211,0.13755380807402798,1.0,0.9596
112600,0.0023513856157660485,0.13776957061582099,0.999921875,0.9605
112700,0.002442250526510179,0.1374268254604393,1.0,0.9598
112800,0.0024621983245015143,0.13944202513930898,1.0,0.9594
112900,0.0024839414097368715,0.13858219631278096,1.0,0.9583
113000,0.002709039724431932,0.13736952703220015,1.0,0.9596
113100,0.0022824470698833465,0.13789972238028392,1.0,0.9597
113200,0.0023827840015292166,0.1407518564178921,1.0,0.9593
113300,0.002556685395538807,0.13801096635647475,0.999921875,0.96
113400,0.002634450187906623,0.13874916608531634,1.0,0.9593
113500,0.002436829786747694,0.13645328443271285,1.0,0.9602
113600,0.0024102360382676127,0.13630483016228903,1.0,0.9593
113700,0.002340553682297468,0.13668503348058025,1.0,0.9597
113800,0.0024106935481540857,0.13596768518939567,1.0,0.9599
113900,0.002599018048495054,0.13621376876156932,1.0,0.9605
114000,0.0025522703677415847,0.13510280279829479,0.999921875,0.9601
114100,0.0025030655413866044,0.1365338876462592,1.0,0.9606
114200,0.0025506366277113558,0.13705693551907525,1.0,0.9598
114300,0.0025545403361320494,0.13861653463432963,1.0,0.9609
114400,0.0026256152242422103,0.13718486948611255,1.0,0.96
114500,0.002421999741345644,0.13718325030594208,1.0,0.9607
114600,0.002540065529756248,0.135533218257153,0.9999215809284818,0.9603
114700,0.0023143932223320006,0.13574725612045857,1.0,0.96
114800,0.002516516800969839,0.13559188548558818,1.0,0.9605
114900,0.0024541635625064374,0.1362223890595162,1.0,0.9597
115000,0.0024340151250362395,0.1363302414266827,1.0,0.9596
115100,0.002542117480188608,0.13662081098737427,0.999921875,0.9591
115200,0.002627181764692068,0.13698757088746125,1.0,0.9595
115300,0.0026050866208970546,0.1364637530102326,1.0,0.9596
115400,0.0025211628223769365,0.13634178116203496,1.0,0.9602
115500,0.002553627118468285,0.1359803589007344,1.0,0.961
115600,0.0024117436818778515,0.13684766274243118,1.0,0.9594
115700,0.0024748058058321476,0.1361486437483527,1.0,0.9597
115800,0.0024996242905035615,0.13564232016761843,1.0,0.9607
115900,0.0024377215653657914,0.1377541535435774,1.0,0.9598
116000,0.0025673933513462545,0.13600243849400134,1.0,0.9601
116100,0.002420278359204531,0.13583801429683026,1.0,0.9599
116200,0.0025156410108320413,0.13737020633234004,1.0,0.9603
116300,0.002486188281327486,0.13655889430604043,1.0,0.9595
116400,0.002357569448649883,0.13577742627063116,1.0,0.9603
116500,0.002722909990698099,0.13591168104364468,0.999921875,0.9592
116600,0.002555148061364889,0.13631767215439305,1.0,0.9598
116700,0.0024422989785671235,0.136122746030077,1.0,0.9594
116800,0.0023963627591729163,0.13673491116625053,1.0,0.9592
116900,0.0024732066318392753,0.13613753896742203,1.0,0.9602
117000,0.002474827818805352,0.1378108005935011,1.0,0.9595
117100,0.00246672747656703,0.13594053497615333,1.0,0.9595
117200,0.0025406056456267834,0.13693683351666783,1.0,0.9591
